"","result.1","result.2","result.3","result.4","result.5","result.6","result.7","result.8","result.9","result.10","result.11","result.12","result.13","result.14","result.15","result.16","result.17","result.18","result.19","result.20","result.21","result.22","result.23","result.24","result.25","result.26","result.27","result.28","result.29","result.30","result.31","result.32","result.33","result.34","result.35","result.36","result.37","result.38","result.39","result.40","result.41","result.42","result.43","result.44","result.45","result.46","result.47","result.48","result.49","result.50","result.51","result.52","result.53","result.54","result.55","result.56","result.57","result.58","result.59","result.60","result.61","result.62","result.63","result.64","result.65","result.66","result.67","result.68","result.69","result.70","result.71","result.72","result.73","result.74","result.75","result.76","result.77","result.78","result.79","result.80","result.81","result.82","result.83","result.84","result.85","result.86","result.87","result.88","result.89","result.90","result.91","result.92","result.93","result.94","result.95","result.96","result.97","result.98","result.99","result.100"
"1",-81.1088893535922,-73.6666529936547,-93.1415586482646,-90.7570208521216,-66.6680186609902,-74.9260042043933,-69.8305855635729,-84.3633787491322,-75.2561156163658,-84.5272712137812,-88.9377493265721,-77.547340235325,-82.1454861605249,-56.8439450667842,-88.0165928384287,-83.9619583845726,-71.0950305561755,-80.7904578455313,-87.0296542471941,-82.3547261507299,-72.0961147293652,-71.5577743730261,-74.8275956429087,-92.5310675749341,-76.1040894878213,-72.1674389743995,-76.7463658270907,-74.0604721690447,-82.0233831819216,-78.2611503773588,-85.8077777674661,-74.0982261533779,-64.0225683458581,-74.8589426709042,-71.3895008522852,-66.3003639270497,-58.605068344229,-70.2373796842987,-88.65280130763,-89.2625050730359,-70.7488141102938,-69.920109878342,-84.3875002491853,-67.525595791081,-93.5883283373239,-74.5680950145435,-71.999407048961,-70.5031956241157,-81.1400806818444,-82.52994711297,-77.5369359518836,-78.6376363112282,-80.7007128850089,-61.9879481068993,-81.7412525908507,-76.870081296447,-72.2452343048259,-63.8039709412297,-68.9599012000327,-73.8959600696435,-59.7770922979392,-80.824726497384,-75.2997408708604,-78.4733502067665,-63.2163217038278,-67.1828212764273,-78.0444454859823,-62.9041689668787,-57.7360809406705,-72.77752387286,-78.3975258316487,-88.125716913081,-77.3229112633121,-77.5632147523041,-80.1887494840267,-69.4781218039612,-79.2896325999542,-84.2941329883879,-75.9051817045289,-62.233586010739,-80.3028528417316,-67.0500881361737,-84.0639180823235,-80.3323241894266,-90.6390205130387,-64.1451298295354,-75.4196253367858,-70.4594825133553,-88.0549864709905,-61.4684243742565,-86.5600619826981,-82.0924342488627,-92.0460289158655,-66.695524029661,-81.7952234771631,-74.7599013972985,-90.7045121257537,-80.2112373482029,-93.4797803814705,-65.0814519122052
"2",-80.3686994006899,-72.9264630407524,-92.4013686953623,-90.0168308992193,-65.9278287080879,-74.185814251491,-69.238433601251,-83.6231887962299,-74.5159256634635,-83.7870812608789,-88.1975593736697,-76.8071502824227,-81.4052962076226,-56.1037551138819,-87.2764028855264,-83.2217684316703,-70.3548406032732,-80.050267892629,-86.2894642942918,-81.6145361978276,-71.3559247764629,-70.8175844201238,-74.0874056900064,-91.7908776220318,-75.363899534919,-71.4272490214972,-76.0061758741884,-73.3202822161423,-81.2831932290193,-77.5209604244565,-85.0675878145638,-73.3580362004756,-63.3788191806076,-74.1187527180019,-70.6493108993829,-65.5601739741474,-57.8648783913267,-69.4971897313964,-87.9126113547277,-88.5223151201336,-70.0086241573915,-69.1799199254397,-83.647310296283,-66.7854058381787,-92.8481383844216,-73.8279050616412,-71.2592170960587,-69.7630056712134,-80.3998907289421,-81.7897571600677,-76.7967459989813,-77.8974463583259,-79.9605229321065,-61.247758153997,-81.0010626379484,-76.1298913435447,-71.5050443519236,-63.0637809883274,-68.2197112471304,-73.1557701167412,-59.0369023450369,-80.0845365444817,-74.5595509179581,-77.7331602538642,-62.4761317509255,-66.7216524011792,-77.3042555330799,-62.1639790139764,-56.9958909877682,-72.0373339199577,-77.6573358787464,-87.3855269601787,-76.5827213104097,-76.8230247994018,-79.4485595311244,-68.7379318510589,-78.5494426470519,-83.5539430354856,-75.1649917516266,-61.4933960578367,-79.5626628888293,-66.3098981832714,-83.3237281294212,-79.5921342365243,-89.8988305601364,-63.4049398766331,-74.6794353838835,-69.719292560453,-87.3147965180882,-60.7282344213542,-85.8198720297958,-81.3522442959604,-91.3058389629632,-65.9553340767587,-81.0550335242607,-74.0197114443962,-89.9643221728514,-79.4710473953006,-92.7395904285682,-64.3412619593029
"3",-80.1531263577611,-72.7108899978236,-92.1857956524335,-89.8012578562905,-65.7122556651591,-73.9702412085622,-69.065975166908,-83.4076157533011,-74.3003526205347,-83.5715082179501,-87.981986330741,-76.5915772394939,-81.1897231646938,-55.8881820709531,-87.0608298425976,-83.0061953887415,-70.1392675603444,-79.8346948497002,-86.0738912513631,-81.3989631548988,-71.1403517335341,-70.602011377195,-73.8718326470777,-91.575304579103,-75.1483264919902,-71.2116759785684,-75.7906028312596,-73.1047091732136,-81.0676201860906,-77.3053873815277,-84.8520147716351,-73.1424631575468,-63.1632461376788,-73.9031796750731,-70.4337378564541,-65.3969460282391,-57.6493053483979,-69.2816166884676,-87.6970383117989,-88.3067420772048,-69.7930511144627,-68.9643468825109,-83.4317372533542,-66.5698327952499,-92.6325653414928,-73.6123320187124,-71.0436440531299,-69.5474326282846,-80.1843176860133,-81.5741841171389,-76.5811729560525,-77.6818733153971,-79.7449498891778,-61.0321851110682,-80.7854895950196,-75.9143183006159,-71.2894713089948,-62.8482079453986,-68.0041382042016,-72.9401970738124,-58.8213293021081,-79.8689635015529,-74.3439778750293,-77.5175872109354,-62.2605587079967,-66.6785377925934,-77.0886824901512,-61.9484059710476,-56.7803179448394,-71.8217608770289,-77.4417628358176,-87.1699539172499,-76.3671482674809,-76.607451756473,-79.2329864881956,-68.5223588081302,-78.3338696041232,-83.3383699925568,-74.9494187086978,-61.2778230149079,-79.3470898459006,-66.0943251403426,-83.1081550864924,-79.3765611935955,-89.6832575172076,-63.1893668337043,-74.4638623409547,-69.5037195175242,-87.0992234751594,-60.5126613784254,-85.604298986867,-81.1366712530316,-91.0902659200344,-65.7397610338299,-80.839460481332,-73.8041384014674,-89.7487491299226,-79.2554743523718,-92.5240173856394,-64.1256889163741
"4",-79.8747697865565,-72.4325334266189,-91.9074390812289,-89.5229012850859,-65.4338990939545,-73.6918846373576,-68.8432899099443,-83.1292591820964,-74.02199604933,-83.2931516467454,-87.7036297595363,-76.3132206682892,-80.9113665934892,-55.6098254997485,-86.7824732713929,-82.7278388175369,-69.8609109891398,-79.5563382784955,-85.7955346801584,-81.1206065836942,-70.8619951623294,-70.3236548059903,-73.593476075873,-91.2969480078984,-74.8699699207855,-70.9333194073637,-75.512246260055,-72.8263526020089,-80.7892636148859,-77.027030810323,-84.5736582004304,-72.8641065863421,-62.8848895664742,-73.6248231038684,-70.1553812852494,-65.3412747139981,-57.3709487771932,-69.0032601172629,-87.4186817405943,-88.0283855060001,-69.5146945432581,-68.6859903113062,-83.1533806821496,-66.2914762240452,-92.3542087702882,-73.3339754475077,-70.7652874819253,-69.2690760570799,-79.9059611148087,-81.2958275459343,-76.3028163848478,-77.4035167441925,-79.4665933179731,-60.7538285398635,-80.5071330238149,-75.6359617294112,-71.0111147377901,-62.5698513741939,-67.725781632997,-72.6618405026077,-58.5429727309034,-79.5906069303482,-74.0656213038247,-77.2392306397307,-61.982202136792,-66.6228664783525,-76.8103259189465,-61.670049399843,-56.5019613736347,-71.5434043058242,-77.1634062646129,-86.8915973460452,-76.0887916962763,-76.3290951852683,-78.9546299169909,-68.2440022369255,-78.0555130329185,-83.0600134213522,-74.6710621374931,-60.9994664437032,-79.0687332746959,-65.8159685691379,-82.8297985152877,-79.0982046223909,-89.404900946003,-62.9110102624996,-74.1855057697501,-69.2253629463195,-86.8208669039547,-60.2343048072207,-85.3259424156624,-80.858314681827,-90.8119093488297,-65.4614044626252,-80.5611039101273,-73.5257818302627,-89.4703925587179,-78.9771177811672,-92.2456608144347,-63.8473323451695
"5",-78.4519703409329,-71.0097339809953,-90.4846396356053,-88.1001018394623,-64.0110996483309,-72.269085191734,-67.5956140649699,-81.7064597364729,-72.5991966037065,-81.8703522011219,-86.2808303139127,-74.8904212226656,-79.4885671478656,-54.1870260541249,-85.3596738257694,-81.3050393719133,-68.4381115435162,-78.1335388328719,-84.3727352345348,-79.6978071380706,-69.4391957167058,-68.9008553603668,-72.1706766302494,-89.8741485622748,-73.4471704751619,-69.5105199617402,-74.0894468144314,-71.4035531563853,-79.3664641692623,-75.6042313646995,-83.1508587548068,-71.4413071407185,-61.4620901208506,-72.2020236582448,-68.7325818396259,-65.0567148248734,-55.9481493315697,-67.5804606716393,-85.9958822949707,-86.6055860603766,-68.0918950976345,-67.2631908656827,-81.730581236526,-64.8686767784217,-90.9314093246646,-71.9111760018842,-69.3424880363017,-67.8462766114564,-78.4831616691851,-79.8730281003107,-74.8800169392242,-75.9807172985689,-78.0437938723495,-59.33102909424,-79.0843335781913,-74.2131622837877,-69.5883152921666,-61.1470519285704,-66.3029821873734,-71.2390410569842,-57.1201732852798,-78.1678074847247,-72.6428218582011,-75.8164311941071,-60.5594026911685,-65.9780784381759,-75.3875264733229,-60.2472499542194,-56.1583973688546,-70.1206048602006,-75.7406068189893,-85.4687979004216,-74.6659922506527,-74.9062957396447,-77.5318304713673,-66.8212027913019,-76.6327135872949,-81.6372139757286,-73.2482626918696,-59.5766669980796,-77.6459338290723,-64.3931691235144,-81.4069990696642,-77.6754051767673,-87.9821015003794,-61.488210816876,-72.7627063241265,-67.8025635006959,-85.3980674583312,-58.8115053615972,-83.9031429700388,-79.4355152362034,-89.3891099032061,-64.0386050170017,-79.1383044645037,-72.1029823846392,-88.0475931130944,-77.5543183355436,-90.8228613688111,-62.4245328995459
"6",-54.5969466828619,-48.8613804078297,-66.6296159775342,-64.2450781813912,-45.4776105937156,-48.5933241165733,-43.7405904068988,-57.8514360784018,-51.0946306893093,-58.0153285430508,-62.4258066558417,-51.0353975645946,-55.6335434897945,-33.6328850645297,-61.5046501676983,-57.4500157138422,-49.1527028917845,-55.9370611796526,-60.5177115764638,-55.8427834799996,-47.2362887399609,-45.0458317022957,-48.3156529721784,-66.0191249042037,-49.5921468170909,-51.1958115474704,-50.2344231563604,-47.5485294983143,-55.84602465263,-51.7492077066284,-59.2958350967358,-47.5862834826475,-39.5254830210984,-49.800085789811,-45.9455055235884,-43.9304715202311,-41.8351902070567,-45.5337260901122,-62.1408586368996,-62.7505624023055,-47.3829800432447,-44.6819659421994,-57.8755575784549,-43.262327142534,-67.0763856665936,-48.7395484740529,-48.1286277199139,-43.9912529533853,-55.44830960729,-56.0180044422396,-51.5573391158022,-52.1256936404979,-54.7691277809298,-40.6106533893075,-55.2293099201203,-50.3581386257166,-46.2706331891454,-39.0162289656946,-42.4479585293023,-47.7224290186555,-38.0131932976203,-54.3127838266536,-48.7877982001301,-53.1776924244011,-42.4309110664014,-47.6449035636469,-51.5325028152519,-40.621701785931,-40.401592107081,-52.9820998683692,-51.8855831609183,-61.6137742423506,-52.7682162157722,-52.6797954887231,-53.6768068132963,-45.7981394701775,-57.0278136446448,-57.7821903176576,-56.4634370427481,-39.1792421459702,-54.3829591226748,-42.840015611652,-57.5519754115931,-58.7899232028326,-67.083190229336,-38.9672630813112,-48.9076826660554,-45.3693141430078,-61.5430438002601,-44.1428042270378,-60.0481193119678,-55.5804915781323,-65.5340862451351,-41.7857104403127,-55.2832808064327,-49.2669055101903,-64.2770958761461,-53.6992946774725,-66.9678377107401,-41.2161279079537
"7",-43.8378117175703,-33.172756409889,-19.1931630732345,-0.981335621160735,-66.5799525932375,-16.2450344007683,-22.866750394272,-18.3250339289288,-22.3677408536821,-15.1028139391644,-10.7550905163527,-7.59858525460173,-19.5960165903815,-3.79340068605338,3.21004968520928,-11.6550747747244,-30.3517671913314,-15.368027773032,-14.3601821888211,89.2592426797399,-12.9204099904729,-23.0580210537439,-10.7218428074822,25.7643602814615,-16.6028436724975,-14.0462597264451,-37.3222020580459,-7.13543563974591,-13.5067048400181,-11.3528525538959,-3.18006138616679,-4.71385115236068,-17.1684800451284,-21.8114690660264,-16.3003835702986,2.28488183850083,-3.86581094760629,-3.42111268045549,-5.92593055171491,-9.95579660770455,-6.77581289346028,-21.3793539418842,-61.7130936128621,19.3315261854417,-112.235275981891,-31.6326506322546,-12.8665379862101,21.4885755888181,-9.0749556707567,-25.0075776354792,73.3504546704924,17.0603736820466,-27.6992318476034,-4.85614905317977,-26.3657780225596,-17.1729075140162,-21.8980292974747,-18.7435024179315,-18.3950357418576,-19.0684933592,-1797.90214730827,-17.5900640735012,-25.8744706305308,-31.5545636593016,-14.4256242796966,-17.5267881379155,-16.4305514027105,-7.38060385259191,50.5151815278348,-13.0311812424776,-9.48016517210017,9.98270750462005,-10.2881359874291,-797.11584604648,-22.1170473969669,-5.65160222875779,23.0471750908427,-21.7354842611752,80.7601456950148,-20.9720507892132,235.508648371448,-11.8652954462296,-20.0674601794534,-7.85003277308964,30.3943617580879,-12.9816962703194,-23.2783528543895,-49.0687202646467,-233.966137128745,-14.8314189727914,-96.6125424599512,-12.6618101703522,-29.0254945125527,-30.7466105298137,-10.4359007540607,-28.5389400433852,1370.6359447775,-16.5411622315946,-8.45230817458079,-18.1651341415674
"8",-38.5646740577578,-33.1406942570514,-19.1678857708239,-0.902546316314705,-65.6167927118427,-16.2156918046011,-22.749629856955,-18.3045064307848,-21.9316137546664,-14.4667101896521,-10.5998781309197,-7.4673599346542,-19.3971577807947,-3.59796013649614,3.66602252471256,-11.5250488291028,-30.3517671913314,-15.2911411894693,-14.2769811004838,90.1669649732593,-12.784577115978,-22.7761897905442,-10.7218428074822,26.012503876267,-16.5796363508608,-14.0021076144847,-37.3063541396783,-7.02785496438749,-13.4723877944638,-11.3407826929752,-3.01763166423478,-4.53442907928101,-17.1380943639039,-21.7323592691052,-16.2449074051186,3.26761569160504,-3.83070628883001,-3.39444622056781,-5.92593055171491,-9.7511495080624,-6.34299427212353,-21.2476352449726,-60.9709839094562,19.9930539323795,-110.829168739479,-31.6306014820832,-12.057076886442,21.7478319719742,-8.93504068042092,-21.7438671126817,74.3519042321657,17.0767013789094,-27.4707758861867,-4.50087217963248,-26.3657780225596,-16.9982087239251,-21.4787470622166,-18.7224124999613,-17.9865910125532,-18.7359145040713,-1777.02403757559,-17.5070063186601,-25.0930322690199,-31.1023775068473,-14.4256242796966,-17.5267881379155,-16.359062301738,-7.29775169869461,52.2299259542326,-12.8927325818157,-9.38793881125555,10.0519869281171,-9.79972716004383,-791.047292440052,-21.913256676697,-5.65160222875779,23.5468624281122,-20.6691172582302,81.5261810501483,-20.4971503982026,238.836724626684,-11.8563626693993,-19.8850780753446,-7.84943903268021,30.4684890161923,-12.954550606921,-21.4946864724806,-49.0687202646467,-231.654948847454,-14.7443698638798,-92.4956665269409,-12.5043077940385,-29.0228522597,-30.678707840152,-10.1142844147767,-27.1653726950897,1434.41247138459,-16.4868796073835,-8.44346446168237,-17.8123269826156
"9",-37.0289245833818,-33.1313564704158,-19.1646770875366,-0.849900678241896,-65.3362818704769,-16.2071460620948,-22.7155196525137,-18.2985279988685,-21.8045960270279,-14.2814512296202,-10.5546740504039,-7.429141851013,-19.3971577807947,-3.54103999888211,3.79882012905611,-11.4871800514364,-30.3517671913314,-15.2279059832805,-14.2769811004838,90.4313301624664,-12.7360613577334,-22.6941092073612,-10.7218428074822,26.0847732573978,-16.5760814181651,-13.9990968576558,-37.3017385893413,-6.99158168837053,-13.4623932925045,-11.3372674647069,-2.95770536412304,-4.47654969487104,-17.129244833135,-21.7093193189128,-16.2065895005464,3.55382725969255,-3.82048240226723,-3.39444622056781,-5.92593055171491,-9.73457827390355,-6.21694010606527,-21.2092734701437,-60.7548517580768,20.1857173815793,-110.419653836254,-31.6174337035811,-11.8213293033719,21.8779931535289,-8.8942918157548,-20.7933435262976,74.6435665662775,17.0814566600138,-27.4042403346236,-4.39740128488107,-26.3657780225596,-16.94732941973,-21.3566352354535,-18.7162702688028,-17.8676355027964,-18.615924833018,-1770.94349348278,-17.4828165645575,-24.8654460328225,-30.9812392508488,-14.4256242796966,-17.5267881379155,-16.33824180428,-7.29775169869461,52.7293284013941,-12.8524107712437,-9.3610787908411,10.0721638787458,-9.65748289328516,-789.279885895306,-21.851758941087,-5.65160222875779,23.692391449934,-20.3585483579063,81.7674756404975,-20.3588403306627,239.805994099509,-11.8537610860145,-19.8850780753446,-7.84926611162627,30.4788056975716,-12.9242458971934,-20.9752111837251,-49.0687202646467,-230.981837994455,-14.719017667165,-91.2966669069658,-12.4584367762041,-29.0220827295471,-30.6589318497106,-10.0206168195287,-26.7653347159485,1452.98675742321,-16.4662015820891,-8.44088881729159,-17.7095753679468
"10",-35.0459031809427,-33.1192991452733,-19.160533906804,-0.781922515927462,-64.9740750057989,-16.1961114561435,-22.6714751865528,-18.2908084074631,-21.6405856356204,-14.0422374197726,-10.4963047260862,-7.37979312644223,-19.3971577807947,-3.46754243108104,3.97029372940548,-11.4382823647696,-30.3517671913314,-15.1462541453003,-14.2769811004838,90.7726891126107,-12.6734158621237,-22.5881234617091,-10.7218428074822,26.1780903849076,-16.5714911462897,-13.9952092475158,-37.2957788053693,-6.97178315960647,-13.4494879901603,-11.3327284607828,-2.88032611856682,-4.40181350908031,-17.1178179635778,-21.6795692098586,-16.1423173866504,3.75869460587709,-3.80728090930997,-3.39444622056781,-5.92593055171491,-9.71318083079835,-6.05417390407019,-21.1587924896803,-60.4757732435849,20.4344921652309,-109.890871745644,-31.5966122111374,-11.516922555656,22.0460624988852,-8.84645969844176,-19.5659892951731,75.0201726862724,17.0875968699647,-27.3183269581424,-4.30307887454052,-26.3657780225596,-16.8816320186606,-21.1989595402946,-18.6922782674363,-17.7140353709249,-18.42773341716,-1763.09205073401,-17.4515817825142,-24.571577543977,-30.8248206693631,-14.4256242796966,-17.5267881379155,-16.3113575417374,-7.29775169869461,53.3741768989357,-12.8003456299666,-9.32639605368865,10.0982171677753,-9.47381138301407,-786.99773957944,-21.7723505949011,-5.65160222875779,23.8803043678699,-19.9575293202637,82.0790449067995,-20.1802488164343,241.057553772108,-11.8491823005782,-19.8850780753446,-7.84904282901632,30.4921270109228,-12.8834121962925,-20.3044438269211,-49.0687202646467,-230.112690226553,-14.6862818925331,-89.7484704415931,-12.3992062756341,-29.0210890813066,-30.633396296579,-9.89966945852299,-26.2487896103428,1476.97062156522,-16.4395012853264,-8.43756304180724,-17.5768983562186
"11",-24.9098329605081,-33.057669001411,-19.1393563386799,-0.39784145460942,-63.122680860388,-16.1803658834296,-22.446345089998,-18.251350275311,-21.2383978541213,-12.8195133627702,-10.1979541539365,-7.31174947705809,-19.3971577807947,-3.09186493846976,4.8467686136171,-11.1883453822129,-30.3517671913314,-14.7501661873747,-14.2769811004838,92.5175206534002,-12.3532079502408,-22.0463850019157,-10.6595862355188,26.6550741209605,-16.5480283041827,-13.9753380099587,-37.2393592254907,-6.78025792507176,-13.3835234722703,-11.3095276710944,-2.63018632573395,-4.01980491035791,-17.0594103477603,-21.5536530367061,-15.8137951332522,5.35282011207731,-3.7398024345619,-3.39444622056781,-5.92593055171491,-9.5886251688579,-5.22220625565932,-20.8423039852611,-59.0492836371566,21.7060864471002,-107.188040401949,-31.2109154547425,-9.96096952023858,22.905136780352,-8.79267054069822,-13.2924570696891,76.9451675819498,17.1189821082453,-26.8397898927481,-4.16649562675555,-26.3657780225596,-16.5458245131438,-20.3930116487488,-18.5301213860649,-16.9289194258306,-17.8988906475171,-1722.95996999331,-17.2919274571896,-23.0694900552356,-29.9913876508742,-14.4256242796966,-17.4941771939789,-16.139288226673,-6.97184565186577,56.6702732721689,-12.5342184326647,-9.11789162443022,10.2313866669805,-9.05444736870954,-775.332714036864,-21.3664605868363,-5.65160222875779,24.6623092578412,-18.196058886486,83.6716086370156,-19.387359906671,247.454810357901,-11.7804996610901,-19.8406157138645,-7.84790153613324,30.5602179389335,-12.7579724962487,-16.8758650824968,-49.0687202646467,-225.670104384285,-14.5189553523447,-81.9607877693707,-12.0964538634665,-29.0160101203193,-30.5028731669038,-9.28145578588056,-23.6085067288763,1599.56240539662,-16.3030246529713,-8.42056358138524,-16.8987294237704
"12",134.959302389435,-32.0243620624694,-18.4805562234425,5.33061637240393,-38.6575164785628,-15.4092379697009,-21.7156566739448,-17.9233481678852,-11.4544433668018,5.48010452201628,-8.36208938590326,-3.56800093085125,-11.8119282726273,-0.129736533573295,13.0025238085533,-7.74831132491639,-26.9771281803986,-11.8375039331022,-11.3697179708357,112.266065623555,-9.84912343267308,-15.9515981503372,-5.94596981004312,32.4556986534017,-15.800932317782,-13.597866056711,-35.0250534771364,-5.21216251528812,-10.8789305916684,-10.4562897197929,2.05452780424876,1.30201596480547,-13.120642018609,-19.0040830651874,-12.1450843436389,25.0854427205324,-2.86192927772031,-1.4002078666831,-2.71952814495882,-8.10440743823301,4.1719929546617,-16.9102120496409,-42.4094476277748,35.5918986400731,-65.7199427581788,-27.5154814324782,6.55394255605585,33.8377931881807,-8.03317943929567,77.8615566545246,99.7340118966913,17.6451951342622,-20.34100186426,5.70528956004455,-26.3300290500417,-14.4268967152888,-11.6667797209869,-16.4108257941236,-8.75362199090211,-3.9169646373046,-1060.79253870348,-9.84116776804711,-1.1734070083663,-17.3997525535456,-12.3582181619235,-11.2214196327759,-9.20728497466159,0.960028026469377,106.322635338976,-9.93090167695779,-7.49995682717644,12.4245658316594,0.869374022505579,-586.980249167993,-17.478974495051,-5.6172760381934,33.8425700102203,8.90346539293294,99.4707007452133,-10.120344160266,346.356821864532,-11.7559205697507,-11.3789816266185,-7.80933601026956,31.753029637499,-10.4499078492811,34.988808993015,-48.7337265468849,-160.056529760909,-12.806010877695,42.6626449765763,-10.2444272571402,-28.9308549462128,-28.3144886015986,-3.69314828528926,12.9604653790609,3647.77605252266,-14.7870023281522,-8.13554622929897,-9.28548441595052
"13",-1.10092970538319,-0.571564277541063,-0.495580106836812,-0.444905289428522,-0.191495812143522,-1.37494342431336,-0.503470144912262,-0.493683524659324,-0.463721605481056,-0.501797133341106,-0.354029477531878,-0.420597857607582,-0.284941231881172,-0.198866924080547,-0.293037025071081,-0.511641801527806,-0.738513910717893,-0.740092214172672,-1.04486897906482,-0.340263606470461,-0.000333024527221948,-0.594704528556052,-0.63608090609227,-0.762511246699255,-0.393091918279131,-0.723394587372685,-0.420430415318819,-0.718132057296164,-0.443111868141593,-0.195564473405199,-0.647196292423976,-0.684771267019744,-0.781351340911638,-0.692932113300384,-0.513899852750518,-0.879244997328761,-0.874589903380768,-0.685048673167713,-0.359139677251905,-0.808769621560018,-0.561842993637149,-0.836697143116454,-0.738499578401903,-0.499394674637423,-0.753882965515766,-0.465185679403408,-0.139712991529076,-0.783522154492002,-0.501342953948381,-0.819164216926215,-0.490178372733771,-0.228827255692288,-1.21578205329057,-0.567956260983755,-0.377484290697183,-0.880476494229728,-0.735739690741245,-0.479724002204742,-0.760618573870939,-0.62623751964424,-0.828432889057383,-0.767911099146092,-0.341775581711651,-0.630664560832698,-0.545043614293671,-0.50218260526122,-0.661714629894504,-1.38825382211911,-0.584606186160433,-0.49347175789029,-1.18806771885028,-0.638816981270816,-0.365757244008048,-0.0906449331605036,-0.61963227538773,-0.548454662839188,-0.826240346579683,-0.734019049836876,-0.626063576936262,0.0562337593141609,-0.80742563850604,-0.839297942316202,-0.613380702554968,-0.524266262530793,-0.55617680024214,-0.564924884584005,-0.90388624638932,-0.464804948341679,-0.993782394224323,-1.48569167549347,-0.359033270033717,-0.740885720420339,-0.657827204292704,-0.522248924554545,-0.623927697185145,-0.390691903790609,-0.149234659898602,-0.820347978135374,-0.718111033039248,-0.633797168805334
"14",-1.09908115511349,-0.568619032796547,-0.494354386494098,-0.443053877836302,-0.184284187742149,-1.37367623388258,-0.500520485275043,-0.487075872225855,-0.463452652372014,-0.500685229922922,-0.353907280575877,-0.420221641191752,-0.28332413161796,-0.198866924080547,-0.289922461829441,-0.511641801527806,-0.735664039535579,-0.739772523033792,-1.04486897906482,-0.325290679605197,0.0097602331101688,-0.594273785804779,-0.635097869383392,-0.76232160890791,-0.388772351532994,-0.723394587372685,-0.420430415318819,-0.717034722374572,-0.442480039161525,-0.195564473405199,-0.637251913913647,-0.683076986238102,-0.781351340911638,-0.692932113300384,-0.51327939487577,-0.876582260670049,-0.873322838151207,-0.685048673167713,-0.357364310193803,-0.807273023939324,-0.561842993637149,-0.836339253897651,-0.735284388311265,-0.499377126242887,-0.75173562423832,-0.464013464638941,-0.127411108020874,-0.783301834389324,-0.499849308068398,-0.813949383178561,-0.486508192887582,-0.228713048652871,-1.21565672450847,-0.567532518172211,-0.368925347681774,-0.880476494229728,-0.734739366564135,-0.47897966061467,-0.760618573870939,-0.62623751964424,-0.828432889057383,-0.764100088009845,-0.335945435447512,-0.630388075351987,-0.544993965124857,-0.501840087379577,-0.661100449142886,-1.38825382211911,-0.584606186160433,-0.49190410093188,-1.18786265111874,-0.635894340874728,-0.365085778803956,-0.0906126472858667,-0.614433934491343,-0.54732650067549,-0.823395241890104,-0.732348782743505,-0.626063576936262,0.0565829884338969,-0.806994229565521,-0.837934960329224,-0.611011348867527,-0.523866686465061,-0.551734282916271,-0.56427767033705,-0.903666939097818,-0.458491732205858,-0.993782394224323,-1.48550391986444,-0.353965679540152,-0.738729971018639,-0.657198948170759,-0.5217690575665,-0.623034871578442,-0.389060054703709,-0.143035943505903,-0.820082879162257,-0.713640284569181,-0.633319314692933
"15",-1.09854278303064,-0.56776125923551,-0.49399740750104,-0.442514672421416,-0.183862549024971,-1.37330717713429,-0.499661425919933,-0.485151458450563,-0.463374322424554,-0.500032109091599,-0.353907280575877,-0.420112071861282,-0.281707995335457,-0.198866924080547,-0.288971026684979,-0.511641801527806,-0.734834042586394,-0.739679416134225,-1.04486897906482,-0.320929961936389,0.0126997951150636,-0.594148336215457,-0.63481156961154,-0.762266378766547,-0.387514320207457,-0.723394587372685,-0.420430415318819,-0.716715134372557,-0.442296025186045,-0.19536336128019,-0.634355711490064,-0.682583543626186,-0.781351340911638,-0.692932113300384,-0.51327939487577,-0.875806764810119,-0.872953817866543,-0.685048673167713,-0.35684725200147,-0.80683715460353,-0.561842993637149,-0.83623502218304,-0.734347995823477,-0.499377126242887,-0.751110232213515,-0.463672068619241,-0.124209985810298,-0.783144518540531,-0.498977134775975,-0.812430614145096,-0.485439289108982,-0.228679786976034,-1.21565672450847,-0.567409107246481,-0.366432639718296,-0.880476494229728,-0.734448031987208,-0.478762878448253,-0.760618573870939,-0.62623751964424,-0.828432889057383,-0.762990168503298,-0.334247462696123,-0.630307551675371,-0.544979505292813,-0.501740332415714,-0.660921575040347,-1.38825382211911,-0.584606186160433,-0.491761206471547,-1.18780292715907,-0.635043150607823,-0.364890221168109,-0.0906032443424576,-0.612919968838579,-0.546997934542442,-0.822566633135042,-0.731741679942044,-0.626063576936262,0.0566846979798394,-0.806868585955135,-0.837538005232444,-0.610321297912129,-0.523750313866333,-0.550440443443787,-0.564089175553926,-0.903593772683496,-0.456627233522547,-0.993782394224323,-1.48544923788434,-0.352199213238876,-0.738056874545436,-0.657015974755063,-0.521629301026428,-0.622774844902739,-0.388969368247872,-0.141230628329998,-0.820005671693974,-0.712338223053643,-0.633180144383093
"16",-1.09784761537434,-0.566653667562282,-0.493536461887666,-0.44183553281099,-0.183318112178849,-1.37283063623828,-0.498552173977756,-0.482666578092648,-0.463273179650386,-0.499178810929122,-0.353907280575877,-0.419970591541087,-0.279226399779698,-0.198866924080547,-0.287742495413452,-0.511641801527806,-0.733762317189996,-0.739559192766001,-1.04486897906482,-0.315299228140597,0.0164954756389793,-0.593986350667226,-0.634441887847314,-0.76219506338978,-0.38594625764524,-0.723394587372685,-0.420430415318819,-0.716302469508572,-0.442058418950254,-0.194943321850035,-0.630616018599013,-0.681946390707281,-0.781351340911638,-0.692701787424055,-0.51327939487577,-0.874805413409126,-0.872477324053826,-0.685048673167713,-0.356179605696646,-0.8062743426111,-0.561842993637149,-0.836100434006821,-0.734163358365852,-0.499377126242887,-0.750302700913134,-0.463231244366935,-0.12328473409639,-0.782813103351181,-0.497850949591238,-0.810469518569957,-0.484059077619101,-0.228636838162996,-1.21565672450847,-0.56724975410256,-0.363213955079895,-0.880476494229728,-0.734071849080454,-0.478482960608238,-0.760618573870939,-0.62623751964424,-0.828432889057383,-0.761556995858156,-0.332054972082945,-0.630203576270007,-0.544960834176919,-0.501611524799863,-0.660690605614931,-1.38825382211911,-0.584606186160433,-0.491576695405218,-1.18772580918362,-0.633944059548387,-0.364637709294419,-0.0905682819806009,-0.61096507558152,-0.546573676755075,-0.821496700230651,-0.731083305212857,-0.626063576936262,0.056816029430575,-0.806706349879113,-0.837025440868362,-0.609430276403635,-0.523600048892921,-0.549697339658159,-0.563845783519339,-0.903499297270702,-0.454219717937801,-0.993782394224323,-1.48537863031541,-0.34991828100314,-0.737187745345305,-0.656779712131857,-0.52144884176877,-0.622171514123449,-0.388969368247872,-0.138899532867034,-0.819905978310003,-0.710656948929391,-0.633000442089456
"17",-1.09429431626696,-0.560992292974191,-0.491180371782328,-0.441123772977801,-0.17329463502293,-1.37039483197567,-0.492481051943754,-0.469965292183066,-0.462756195688441,-0.494817239196616,-0.353520489786019,-0.419247425135249,-0.267227947106383,-0.198866924080547,-0.281752049171042,-0.511641801527806,-0.728284270477262,-0.738944679730009,-1.04486897906482,-0.286518140313441,0.0358968216241641,-0.59315837327397,-0.632552286294449,-0.76178239053142,-0.38594625764524,-0.723394587372685,-0.420430415318819,-0.714193162955595,-0.440843911891567,-0.188074362703375,-0.611931714735471,-0.678235058447277,-0.781351340911638,-0.691319950225808,-0.51327939487577,-0.869687078275013,-0.870041760454079,-0.685048673167713,-0.352766979983285,-0.803397569889861,-0.561842993637149,-0.835412496295546,-0.732777317473351,-0.499377126242887,-0.746175063180233,-0.46097800314082,-0.100882699259392,-0.781119098623222,-0.492094535616245,-0.800445520627146,-0.47700422659063,-0.228036797261529,-1.21565672450847,-0.566435232053202,-0.346761881757772,-0.880476494229728,-0.732149017408591,-0.477052180850209,-0.760618573870939,-0.62623751964424,-0.828432889057383,-0.758280395801769,-0.32084821516873,-0.629672113518945,-0.544865398120827,-0.500953134004086,-0.659510022131614,-1.38825382211911,-0.584606186160433,-0.490172234266328,-1.18733162623964,-0.62832690263607,-0.363347013147583,-0.0903072791272382,-0.600972780338197,-0.544405113814183,-0.816027815710939,-0.730280654796848,-0.626063576936262,0.0574873206255011,-0.805227964486621,-0.834405505258775,-0.604875884521175,-0.522660016329883,-0.542819973211773,-0.560948070321978,-0.903016393043339,-0.44191387646087,-0.993782394224323,-1.48501772484264,-0.33844715750574,-0.735916028734986,-0.653415091913272,-0.520526437348275,-0.621736674529208,-0.388969368247872,-0.130121159074227,-0.819396402801031,-0.702063238058563,-0.632081906835706
"18",-1.03471878400805,-0.493743250235486,-0.455879991209898,-0.39541103797541,-0.055646521432257,-1.33831261456573,-0.397461615280628,-0.381818437981785,-0.454539874209479,-0.458173541204881,-0.304015640545307,-0.407122630053942,-0.087322150280463,-0.191290339629046,-0.234409718623857,-0.511641801527806,-0.682640622043292,-0.705465591118396,-1.04274506469583,-0.0252179523347364,0.327815392350446,-0.557776800710621,-0.537267905740383,-0.754142773867374,-0.326375296139675,-0.723394587372685,-0.407436595806061,-0.679960384962799,-0.41647404416492,-0.130351923968668,-0.462701066843749,-0.644693001447352,-0.750536665274571,-0.645686648735141,-0.498335662600181,-0.797613279864641,-0.847618396369005,-0.685048673167713,-0.300166649468426,-0.755164854073768,-0.558204924118344,-0.823878354622797,-0.675018098844497,-0.493358837728816,-0.699289254200309,-0.434902929737538,0.165260635988363,-0.74828993760077,-0.420260961039761,-0.691895506405236,-0.394453135524501,-0.215111453213865,-1.16827566189311,-0.534742389946444,-0.206513238886139,-0.879562132382548,-0.705621779374073,-0.475494943842874,-0.751683807972383,-0.503900985560353,-0.819331860190342,-0.699373336682237,-0.221221321396837,-0.620761471517375,-0.54326529251009,-0.487753619284725,-0.623279037182688,-1.38527115519831,-0.530375921926006,-0.436435785707557,-1.18072265300498,-0.547668215266772,-0.341441056125167,-0.0855495915884549,-0.502464510070952,-0.513304873309114,-0.765595545886591,-0.669278684121378,-0.583029044694486,0.0655442797133644,-0.738908826999781,-0.817737689987118,-0.527358861748963,-0.507566940684292,-0.472850813624738,-0.502543584558886,-0.895446129871501,-0.358993439166553,-0.980878979786446,-1.47219732162456,-0.192763766453424,-0.70916820234704,-0.636619998309968,-0.511498931883822,-0.5636891140395,-0.385510461276135,-0.0397831606447391,-0.810852727963738,-0.61299981271814,-0.626255113542824
"19",-11.0469920165705,-11.0469920165705,-11.0469920165705,-11.0469920165705,-11.0469920165705,-11.0469920165705,-11.0469920165705,-11.0469920165705,-11.0469920165705,-11.0469920165705,-11.0469920165705,-11.0469920165705,-11.0469920165705,-11.0469920165705,-11.0469920165705,-11.0469920165705,-11.0469920165705,-11.0469920165705,-11.0469920165705,-11.0469920165705,-11.0469920165705,-11.0469920165705,-11.0469920165705,-11.0469920165705,-11.0469920165705,-11.0469920165705,-11.0469920165705,-11.0469920165705,-11.0469920165705,-11.0469920165705,-11.0469920165705,-11.0469920165705,-11.0469920165705,-11.0469920165705,-11.0469920165705,-11.0469920165705,-11.0469920165705,-11.0469920165705,-11.0469920165705,-11.0469920165705,-11.0469920165705,-11.0469920165705,-11.0469920165705,-11.0469920165705,-11.0469920165705,-11.0469920165705,-11.0469920165705,-11.0469920165705,-11.0469920165705,-11.0469920165705,-11.0469920165705,-11.0469920165705,-11.0469920165705,-11.0469920165705,-11.0469920165705,-11.0469920165705,-11.0469920165705,-11.0469920165705,-11.0469920165705,-11.0469920165705,-11.0469920165705,-11.0469920165705,-11.0469920165705,-11.0469920165705,-11.0469920165705,-11.0469920165705,-11.0469920165705,-11.0469920165705,-11.0469920165705,-11.0469920165705,-11.0469920165705,-11.0469920165705,-11.0469920165705,-11.0469920165705,-11.0469920165705,-11.0469920165705,-11.0469920165705,-11.0469920165705,-11.0469920165705,-11.0469920165705,-11.0469920165705,-11.0469920165705,-11.0469920165705,-11.0469920165705,-11.0469920165705,-11.0469920165705,-11.0469920165705,-11.0469920165705,-11.0469920165705,-11.0469920165705,-11.0469920165705,-11.0469920165705,-11.0469920165705,-11.0469920165705,-11.0469920165705,-11.0469920165705,-11.0469920165705,-11.0469920165705,-11.0469920165705,-11.0469920165705
"20",-126.047548001267,-10.8648646012278,-8.74539975134901,9.3715745063257,-10.1906203055165,-2.60772301898954,-7.0875052226623,-4.84165562922033,0.0157943040259996,-18.2160916288803,3.19268468392557,-3.77046850634289,-12.3997268359445,3.37731333644945,15.0086033731349,-0.727864884314393,-12.043324468492,-3.89798836082916,-8.36657778491881,57.9904594502694,1.39201114981277,-2.34243908931145,-10.0757584284717,21.7221196961767,-4.32734583669288,-1.53472367904754,-12.4977539155272,-1.20649417001525,-3.39558651835088,-4.4279741751667,8.61869008436111,-1.42333923564586,-3.30713762112393,-4.81295760665912,1.61854614656065,24.9940401730814,3.4583317903009,5.90602714288565,7.17248040584526,-7.36716762131192,-12.352318988042,-7.89810792763949,-12.0491881129581,1.29216595943888,-116.291254908701,-6.87235537467217,-19.47097177093,17.394172909109,-2.85559022856554,45.4221603813016,52.379053882034,13.9843863199084,-11.3646132780765,11.5360374851378,-6.31899678152423,-8.94052767340543,-2.7652982566722,1.20177705368464,0.0831038896766754,3.08463837583376,-1303.62659305083,-8.7208176241965,6.13847699024025,-25.5073075326759,2.12219563923567,-3.71821606321945,1.16213994381765,-9.29516870565376,-3.97820208352175,-3.55586450391452,0.206865737663474,14.3530839870437,-11.0526324013724,-502.732636044788,-11.0335075324019,3.39610879744744,19.2007694230304,-26.8731487027295,53.4568572383993,-11.8741835812488,44.4275522426073,0.116508488138749,-10.8408977521571,0.757528728923809,20.6394124277855,-7.26164229907293,-49.44915422899,-17.2407174429832,-169.653184487223,0.937963050454205,27.997863278404,-7.43327059463826,-10.7718517828001,-11.1549593935021,-6.30270971909662,6.94410372607179,1775.23086404835,-3.65280586962166,0.0356526852183259,-13.1133718688317
"21",0.046355011034305,-0.0953190917321107,-0.0312177581991844,0.0140541757688658,-0.0714180642129468,0.0208476373285055,-0.170884672028472,0.0330548557702683,0.0340567393436342,0.0429867073637285,0.0494992979608311,0.0177242762578022,0.142250990313184,0.0807885310044824,-0.0881273056114813,0.0239655482870577,-0.138835697962038,0.0149433412189918,0.0781523226563335,-0.348279837146393,-0.162266302484959,-0.0451328662819,-0.0454514530813564,-0.093223370701037,0.131084410021201,0.00272344305428758,0.0496113300372731,-0.0881928591007458,-0.0138263849793082,0.123540664589696,-0.322420882173602,-0.053366854562873,0.013158557696,-0.0740183153166449,-0.00863669234514719,-0.0626063070984289,-0.111640355615798,0.0467833008958714,0.00329932383441751,-0.0270838983887995,-0.0669223891147252,-0.0568738807590395,-0.125399851201325,0.0388332026648947,-0.044979513649471,-0.0704123287983942,-0.1595939759596,-0.0614756974525737,-0.00842761146435731,0.0495022788137244,-0.0950693073947463,0.00496849546375699,0.0199290001757562,0.0594398610769675,-0.250419895524006,0.0252816494370963,-0.00148657630180003,-0.047719646823679,-0.0772522187506019,0.028981680346166,-0.0872114076600245,0.0367612651931089,0.0900581136682661,-0.0635362967532189,-0.0527619176595193,-0.0700135413004145,0.0446273737423145,0.00199211939721418,0.0691377550067125,-0.103661542425951,-0.0689908877634226,-0.0571213531433524,0.0145038349424113,-0.0251177124998793,0.124023004533048,-0.0971625751196256,-0.136193719455284,-0.0737509601485551,0.00403110510345239,0.071489507246869,-0.0539789780603087,0.0255453259153365,0.0314709300726507,-0.0592281906271509,-0.2167960175482,-0.192456498026361,-0.109405589992396,-0.185839795486208,-0.0403279445667228,-0.0398231914505762,-0.0978852973323173,0.0215732118407793,0.0630056903878683,-0.0423909073601941,-0.0574628923400978,-0.0421601973678681,0.146846491284163,-0.0134791890693848,-0.318028984166639,-0.00888326394720809
"22",1,1,1,1,1,1,1,1,1,1,1,1,1,1,1,1,1,1,1,1,1,1,1,1,1,1,1,1,1,1,1,1,1,1,1,1,1,1,1,1,1,1,1,1,1,1,1,1,1,1,1,1,1,1,1,1,1,1,1,1,1,1,1,1,1,1,1,1,1,1,1,1,1,1,1,1,1,1,1,1,1,1,1,1,1,1,1,1,1,1,1,1,1,1,1,1,1,1,1,1
"23",0.134371340541922,0.024566510731871,0.218455123652165,0.0589926680466296,0.347113689045625,0.194966134882897,0.076801255486575,0.253769771274966,0.210390055484929,0.0445133900390679,0.0836145843153875,0.0395466082298665,0.123100523003708,0.0860538733498347,0.198069942979138,0.142963172963203,0.151934819998881,0.480135161192776,0.267241332377869,0.057472252460454,0.0837824557711407,0.257438338568681,0.616487484827222,0.370103692769755,0.148097153602655,0.0759626723076813,0.0942541185630054,0.0809971317566942,0.225449057422341,0.25987836479305,0.167781757609617,0.111184420392754,0.0623744454606123,0.131884385501872,0.0856274601568981,0.473658610076088,0.0736581521124521,0.091285001230807,0.157766842517372,0.504570446556511,0.224567559245531,0.128943111311324,0.256795191475761,0.170396473455081,0.0356523671839512,0.0968404069280364,0.126505068883906,0.0817874506052111,0.237608381716473,0.0196941786942868,0.112382826025746,0.386773824895814,0.180852108543101,0.336928526365708,0.184778811142899,0.168667975280248,0.097422664375227,0.199135502976795,0.219725912928603,0.173378262572008,0.126842037799175,0.422427540463372,0.0950567205545234,0.0350357606022961,0.0803515802171349,0.170891431499504,0.506520489400356,0.246352583035245,0.104908088809417,0.256298840687096,0.378082180578078,0.106294170284425,0.104820550495759,0.172197627631727,0.0887959885961658,0.0614158305705691,0.0521959533816968,0.0627311703594207,0.099277500379712,0.12611418645513,0.0432990426964431,0.0684411620895587,0.098336153351354,0.188727427095373,0.105686185628358,0.255062931188249,0.308634750395253,0.0982067827467802,0.0932525086037514,0.183526153049098,0.23284297285975,0.0383953248656926,0.131227637713508,0.137995466789359,0.458226569831761,0.172562961896763,0.256592611547998,0.250890100411247,0.0757353677921709,0.196441428356771
